{"cameraMode":{"drawMode":0,"name":"Shaded","section":"Shading Mode"},"sceneLighting":false,"audioPlay":false,"sceneViewState":{"showFog":false,"showMaterialUpdate":false,"showSkybox":false,"showFlares":false,"showImageEffects":false,"showParticleSystems":false},"in2DMode":false,"pivot":{"x":-5.0785393714904789,"y":-0.9454240798950195,"z":0.25656658411026},"rotation":{"x":0.0868241935968399,"y":-0.6759154200553894,"z":0.08068270981311798,"w":0.7273858785629273},"size":9.305880546569825,"orthographic":false}